Data;Texto;Autor(RT);Retweets;Curtidas;Hashtags;Mentions
2018-05-16 16:29:11;Tamb√©m no Egito a popula√ß√£o se revolta contra a f√≥rmula mesquinha de jogar nas costas da popula√ß√£o mais pobre o 'ajuste nas contas... https://t.co/so4FAO7Sz5; ;0;0; ; ;
2018-05-14 15:04:30;Guerra nos transportes: a militariza√ß√£o e a tarifa https://t.co/3bYazekuXc; ;3;2; ; ;
2018-05-12 23:13:44;https://t.co/CJELCFgYZI; ;0;1; ; ;
2018-05-11 22:35:56;&gt &gt &gt Amanh√£ tem Marcha da Maconha Graja√∫! Encosta geral! https://t.co/pi1zH3ylRS; ;0;5; ; ;
2018-05-09 15:38:47;https://t.co/E1sgP85Ygj; ;0;0; ; ;
2018-05-06 23:36:38;galerinha zica da ZN dando o exemplo pra geral se organizar contra os cortes do bus√£o na sua quebrada!   como come√ßar? chama m√£e, pai, tia, v√≥, vizinho, os mano, as mina, as mona, os cachorro e at√© o papagaio pra... https://t.co/ytYn7M61kZ; ;0;3; ; ;
2018-05-06 18:21:52;&gt &gt &gt Ao vivo agora debate sobre tarifa zero e a luta por transporte dos cursinhos populares, acompanhe e participe! https://t.co/gpjINClboD; ;0;0; ; ;
2018-05-06 17:48:51;&gt &gt &gt Ao vivo agora debate sobre tarifa zero e a luta por transporte dos cursinhos populares, acompanhe e participe! https://t.co/jSp50NHcML; ;0;0; ; ;
2018-05-06 16:06:08;&gt &gt &gt Daqui a pouco come√ßa um debate sobre a luta por passe livre pros estudantes de cursinhos populares, est√£o todos congidadoa! https://t.co/uQSflv0epB; ;1;0; ; ;
2018-05-06 01:46:03;&gt &gt &gt Amanh√£ tem debate por passe livre em cursinho populares, est√£o todos convidados! https://t.co/K0fT9YLMH9; ;5;3; ; ;
2018-05-04 16:16:22;[D.E.N.√ö.N.C.I.A] [urgente!!!]  mais uma a√ß√£o absurda do Estado-Higienista-Assassino contra as ocupas de moradia acontecendo na cidade! h√° relatos de que os seguran√ßas do Estado sejam os pr√≥prios seguran√ßas do... https://t.co/zaq5XcyVLy; ;3;1; ; ;
2018-05-04 15:43:03;https://t.co/hNVuhjLmkh; ;0;0; ; ;
2018-04-30 17:00:50;&gt &gt &gt Aten√ß√£o zona sul, quebrada se organiza pela legaliza√ß√£o, ja anota na agendinha que dia 12 de maio tem marcha da maconha Graja√∫! Cola geral! https://t.co/CvPDcOmx5Y; ;0;1; ; ;
2018-04-27 17:07:33;&gt &gt &gt Aten√ß√£o pessoal da Zona Norte, esse s√°bado tem reuni√£o para organizar a resist√™ncia contra os cortes da nova licita√ß√£o, cola geral! https://t.co/uwIJxLBA4q; ;3;5; ; ;
2018-04-26 13:42:17;[O BUS√ÉO √â NOSSO!]  contra os cortes de linhas dos de cima, organize-se na sua quebrada! chama geral do bairro pra conversar e se mobilizar por um transporte verdadeiramente p√∫blico e de qualidade!  QUEREMOS MAIS... https://t.co/iFwSMm4hph; ;5;7; ; ;
2018-04-25 17:40:38;_\|/_ SALVE GRAJA√ö _\|/_  Hoje tem reuni√£o no Centro Cultural Graja√∫ pra pensar a Marcha da Maconha Zona Sul de 2018. Cola com a gente! #MarchaDaMacohaSP #10AnosQueimandoTudo #AglomeroLegalizo #MarchasRegionais https://t.co/87Cz5igDNh; ;0;1;#AglomeroLegalizo, #MarchaDaMacohaSP, #MarchasRegionais, #10AnosQueimandoTudo; ;
2018-04-24 20:45:02;[LICITA√á√ÉO DAS CATRACAS]  Enquanto transporte for mercadoria, as melhoras v√£o pro bolso do empres√°rio... pra gente, se depender dos de cima, s√≥... https://t.co/tcC9ma9FlN; ;1;3; ; ;
2018-04-24 18:16:35;O TRANSPORTE T√Å UMA BOSTA!   Geraldo Alckimin, o general dos cart√©is, n√£o nos engana: a prioridade dos pol√≠ticos n√£o √© melhorar o transporte,  mas inaugurar... https://t.co/ur2QEnzc44; ;0;3; ; ;
2018-04-24 15:05:02;Pros pr√≥ximos 20 ANOS a Prefeitura e os empresas querem:  ---&gt  REDUZIR a frota de √¥nibus em... https://t.co/BGs81ei04l; ;2;2; ; ;
2018-04-23 19:27:32;https://t.co/wTmtkH7FmH; ;0;0; ; ;
2018-04-21 18:47:09;&gt &gt &gt Reuni√£o aberta da marcha da maconha Grajau no centro cultural palha√ßo carequinha, essa quarta as 19h. Todos convidados! Bora queimar tudo! https://t.co/f1KGEHcZXB; ;0;2; ; ;
2018-04-20 17:22:21;[DEN√öNCIA]   Mais uma vez a Prefeitura e a PM imp√µe terror na sua pol√≠tica higienista contra os mais pobres!  Todo apoio √† Favela do Moinho!  ESTADO TERRORISTA! PM ASSASSINA! https://t.co/j9f64j0gDq; ;5;6; ; ;
2018-04-17 14:26:27;[[[[ LICITA√á√ÉO DAS CATRACAS ]]]]  ___o 'novo' trio de pol√≠ticos do transporte de SP d√£o continuidade √†s promessas de ferrar com a... https://t.co/IuoPqHlKqe; ;1;0; ; ;
2018-04-14 21:53:11;https://t.co/KJlG6xzPme; ;0;0; ; ;
2018-04-14 19:38:30;[A CIDADE SEM CATRACAS √â POSS√çVEL!] A exist√™ncia da tarifa n√£o √© uma quest√£o t√©cnica, √© pol√≠tica.  . Ao tratarem nosso transporte como mercadoria, os de cima tamb√©m... https://t.co/8XyY6sQgcc; ;4;7; ; ;
2018-04-13 15:38:55;::ATEN√á√ÉO ZONA NORTE! COLA GERAL AMANH√É! aula p√∫blica sobre os cortes de linha e Sarau Vopo - Vozes Po√©ticas!   As 14h no Parque Vila Maria!  boraaaaa https://t.co/gCiF0nMLWr; ;2;5; ; ;
2018-04-12 21:00:09;O BUS√ÉO √â NOSSO!  bora geral se organizar contra os cortes de √¥nibus que a nova licita√ß√£o dos prefakes quer enfiar goela baixo da popula√ß√£o!  se organizar direitinho, conquistamos mais linhas, mais bus√£o e TARIFA... https://t.co/TFg3GeS9lP; ;0;6; ; ;
2018-04-12 13:32:44;A LUTA √â UMA S√ì!  N√£o ao fechamento de AMAs  e UBSs pela Prefeitura! Entra prefake,, sai prefake, e a situa√ß√£o pra n√≥s s√≥ piora! Assim n√£o, d√°!!! S√≥ ocupando as ruas e mostrando a for√ßa da nossa uni√£o que vamos garantir e conquistar nossos direitos!... https://t.co/tjZ9e9ZGZh; ;1;2; ; ;
2018-04-11 23:54:41;https://t.co/NMi3wErPfh; ;0;0; ; ;
2018-04-10 22:04:41;&gt &gt &gt Protesto contra a tarifa em Santo Andr√©! N√£o vamos aceitar! Vamos as ruas! https://t.co/YYcyLgEWbG; ;2;3; ; ;
2018-04-10 18:03:24;&gt &gt &gt Quebradas se organizam pela legaliza√ß√£o! Bora somar!  Reuni√£o do bloc feminista da marcha da maconha dia 11/4 √†s 19h  https://t.co/hUf44Eq8ZS  Reuni√£o da marcha da maconha zona... https://t.co/d4tlwz9RrN; ;1;0; ; ;
2018-04-07 19:03:18;&gt &gt &gt Quebrada se organiza contra a guerra as drogas! Todos convidados pra reuni√£o de organiza√ß√£o da marcha da maconha da zona sul. Vai rolar um debate sobre o hist√≥rico de luta da marcha e suas pautas, em seguida... https://t.co/gebjfWLZDr; ;0;2; ; ;
2018-04-06 17:58:22;&gt &gt &gt Amanh√£ a tarde tem reuni√£o aberta da zona norte pra debater os cortes que o prefeito playboy quer fazer nos transportes e organizar a resist√™ncia. Cola geral! https://t.co/HvbjQygGbG; ;0;1; ; ;
2018-04-02 21:40:36;&gt &gt &gt  Aten√ß√£o pessoal da zona norte! Essa quarta tem reuni√£o pra debater e organizar a luta contra os cortes do prefeito playboy. Cola geral! https://t.co/BownRE0gJ7; ;2;4; ; ;
2018-04-02 13:42:27;&gt &gt &gt Hoje tem reuni√£o pra organizar a luta contra o aumento da passagem em Santo Andr√©. https://t.co/ohc9LHamZO; ;2;3; ; ;
2018-03-31 17:57:30;::Hoje teve potesto contra a tarifa e por transporte escolar gratuito em inaugura√ß√£o de esta√ß√£o em Guarulhos! https://t.co/1ITdobmsvH; ;0;1; ; ;
2018-03-31 16:51:02;::Hoje teve potesto contra a tarifa e por transporte escolar gratuito em inaugura√ß√£o de esta√ß√£o em Guarulhos! https://t.co/lQ5TKFCIxQ; ;0;4; ; ;
2018-03-31 15:48:07;::Protesto contra a tarifa e por transporte escolar gratuito em inaugura√ß√£o de esta√ß√£o em Guarulhos! https://t.co/wk7QrQbzvT; ;0;1; ; ;
2018-03-31 15:10:19;::Protesto contra a tarifa e por transporte escolar gratuito em inaugura√ß√£o de esta√ß√£o em Guarulhos! https://t.co/H7gsw4cmmj; ;1;2; ; ;
2018-03-31 14:17:12;::Protesto contra a tarifa em inaugura√ß√£o de esta√ß√£o em Guarulhos! https://t.co/NDgg0A4Foa; ;0;1; ; ;
2018-03-28 23:19:43;DEN√öNCIA: SITUA√á√ÉO CA√ìTICA NA CPTM!  Na volta pra casa, depois de um dia √°rduo de trabalho e estudo, trabalhadores e trabalhadoras tem que se apertar nas plataformas da esta√ß√£o Pinheiros da linha 9 esmeralda da... https://t.co/MTWAUJ1Lb7; ;0;0; ; ;
2018-03-28 17:29:17;ALAGAMENTO N√ÉO √â BARREIRA F√çSICA???  √âpoca de chuva, todo mundo sabe: as ruas, de uma cidade que √© constru√≠da pro lucro do capital, ficam alagadas!   Mesmo assim, a Prefeitura tem a cara de pau de n√£o considerar... https://t.co/NpNJb42HRs; ;0;1; ; ;
2018-03-27 18:10:27;Todo apoio a greve dos servidores municipais! A luta n√£o para! https://t.co/wG2Focq71p; ;1;0; ; ;
2018-03-26 00:52:33;&gt &gt &gt Ato em apoio a greve dos servidores municipais CAMPO LIMPO, CAP√ÉO REDONDO E JARDIM √ÇNGELA  √â nesta segunda-feira √†s 14 hs na Estrada Do M‚Äôboi Mirim, 5.780, Jd Angela. Todos podem participar. Precisamos nos unir... https://t.co/PjLLx5F65k; ;2;7; ; ;
2018-03-25 14:24:46;&gt &gt &gt Hoje  tem reuni√£o da zona sul pra debater os cortes de linhas e demais ataques da licita√ß√£o proposta pelo prefeito playboy Jo√£o Doria. Venha organizar a resist√™ncia, vai ter luta! https://t.co/BxwLBbZcMl; ;0;4; ; ;
2018-03-23 20:53:09;&gt &gt &gt Amanh√£, tem reuni√£o da marcha da maconha na zona sul. Vai ser as 14h no Sesc Sto Amaro (proximo ao terminal sto amaro ou esta√ß√£o largo treze do metr√¥). Est√£o todos convidados!  Pelo fim da guerra ao tr√°fico.... https://t.co/RjELPNoEkU; ;2;1; ; ;
2018-03-23 16:46:54;&gt &gt &gt Amanh√£  tem reuni√£o da zona norte pra debater os cortes de linhas e demais ataques da licita√ß√£o proposta pelo prefeito playboy Jo√£o Doria. Venha organizar a resist√™ncia, vai ter luta! https://t.co/W7hKDoCj2Q; ;1;2; ; ;
2018-03-22 21:26:38;https://t.co/RzoGkNr55b; ;0;0; ; ;
2018-03-22 13:51:52;&gt &gt ZONA OESTE EM LUTA CONTRA OS CORTES DO PREFEITO PLAYBOY!   Moradores, estudantes, professores e servidores municipais da periferia da zona oeste saem em ato contra os cortes de linhas de √¥nibus, contra o... https://t.co/0yZt2sH4pN; ;3;5; ; ;
2018-03-20 22:36:34;&gt &gt ZONA OESTE EM LUTA CONTRA OS CORTES DO PREFEITO PLAYBOY! COLA GERAL NO ATO  Moradores da periferia da zona oeste convocam ato contra os cortes de linhas de linhas de √¥nibus, contra o fechamento das AMAs da regi√£o... https://t.co/ujeWWA9Fb1; ;7;11; ; ;
2018-03-20 14:02:45;https://t.co/UFYBWfCSWE; ;0;0; ; ;
2018-03-19 23:05:18;Hoje no final da tarde estudantes foram as ruas cobrar a falta de responsabilidade e respeito do governo do... https://t.co/jTYsbAtSSO; ;0;1; ; ;
2018-03-19 19:26:17;&gt &gt &gt Aten√ß√£o pessoal da zona sul, esse domingo tem reuni√£o aberta pra mobiliza√ß√£o da marcha da maconha na zona... https://t.co/DTuBgzjet9; ;0;3; ; ;
2018-03-17 21:19:49;https://t.co/ioIYb8ObmR; ;0;0; ; ;
2018-03-17 16:42:29;&gt &gt &gt Aten√ß√£o pessoal da sul, reuni√£o adiada para o proximo domingo 25/03.  Adiamos a reuniao para o proximo domingo... https://t.co/gcc8crtGco; ;1;1; ; ;
2018-03-17 16:40:05;&gt &gt &gt Aten√ß√£o pessoal da sul, reuni√£o adiada para o proximo domingo 25/03.  Adiamos a reuniao para o proximo... https://t.co/wsdcIfVAUT; ;1;0; ; ;
2018-03-16 14:30:37;&gt &gt &gt Aten√ß√£o pessoal da Sul! Esse domingo √© dia de se organiza a luta contra os cortes de linhas e os demais... https://t.co/BrT856AjPC; ;2;1; ; ;
2018-03-15 14:14:07;&gt &gt &gt Hoje √© dia de luta na cidade! Em apoio a greve dos servidores municipais e contra o genoc√≠dio negro militar no... https://t.co/pPPvqdTjCH; ;6;4; ; ;
2018-03-15 14:12:43;&gt &gt &gt Hoje √© dia de luta na cidade! Em apoio a greve dos servidores municipais e contra o genoc√≠dio negro militar... https://t.co/jgBvE1n6U1; ;2;3; ; ;
2018-03-14 16:53:29;&gt &gt &gt Reuni√£o da sul contra os cortes da nova licita√ß√£o dos transportes.  O prefeito playboy Jo√£o D√≥ria quer impor... https://t.co/mN3WRzjrmM; ;1;2; ; ;
2018-03-13 22:47:33;N√ÉO ADIANTA CHAMAR DE NOME BONITO, CORTE √â CORTE!  Avelleda e D√≥ria - que depois saiu correndo pra se candidatar... https://t.co/uD9kSNBems; ;1;1; ; ;
2018-03-12 23:25:52;Entrevista ao vivo com militantes do movimento passe livre https://t.co/C4FV4cduag; ;1;1; ; ;
2018-03-12 22:45:24;Protesto de trabalhadores ambulantes em Goi√¢nia, todo apoio! Chega de viol√™ncia contra os trabalhadores que... https://t.co/srtk404SoH; ;0;1; ; ;
2018-03-10 20:16:16;SE ORGANIZE CONTRA A LICITA√á√ÉO!  Divulgando a reuni√£o aberta amanh√£ no Butant√£ do Pela manuten√ß√£o do 577T - Jd.... https://t.co/CatJwH0DiJ; ;1;1; ; ;
2018-03-09 17:02:33;https://t.co/k8B716ATZS; ;0;0; ; ;
2018-03-07 21:27:32;AGORA NO TEATRO MUNICIPAL!   VAMO SAIR EM BREVE!  https://t.co/Fehu6XqcXw https://t.co/Mjayvcazj5; ;0;2; ; ;
2018-03-07 19:15:18;Todo apoio aos estudantes em luta! Devolve a merenda Alckmin! https://t.co/Pq4LeLoQJX; ;1;2; ; ;
2018-03-07 17:02:18;https://t.co/7sjvLBjTlF; ;0;0; ; ;
2018-03-07 11:45:05;VEJA AQUI MAPA INTERATIVO COM OS CORTES E EXTIN√á√ïES DE LINHAS DE BUS√ÉO PROPOSTOS PELOS GESTORES!... https://t.co/Tv695UzSIN; ;8;10; ; ;
2018-03-06 21:13:02;N√ÉO QUER QUE CORTEM SEU BUS√ÉO?  Convidamos geral a somar e se organizar na luta contra as catracas. Vem com a... https://t.co/kWyf07Pdu3; ;7;8; ; ;
2018-03-06 15:24:02;TODO APOIO √ÄS MANAS AUT√îNOMAS QUE MARCAR√ÉO PRESEN√áA NO 8 DE MAR√áO! . O CORPO √â NOSSO E A RUA TAMB√âM! https://t.co/Lv5a2OMZx3; ;0;4; ; ;
2018-03-06 14:37:06;&gt &gt &gt Hoje tem protesto contra o aumento em Embu das artes! Contra a car√≠ssima tarifa intermunicipal que impede as... https://t.co/K4SDRq8tUo; ;3;6; ; ;
2018-03-06 11:06:02;AMANH√É! N√ÉO DEIXE O D√ìRIA CORTAR SUA LINHA!  Convidamos geral a somar e se organizar na luta contra as catracas.... https://t.co/q2MLZTwAvB; ;6;5; ; ;
2018-03-05 22:10:03;FICOU FELIZ COM A PROPOSTA DA SPTRANS E DO D√ìRIA PRA SUA LINHA?  Convidamos geral a somar e se organizar na luta... https://t.co/7R7JtXbtAK; ;1;3; ; ;
2018-03-05 15:16:05;NESSA QUARTA!  Convidamos geral a somar e se organizar na luta contra as catracas. Vem com a gente nesse... https://t.co/6aGqXWLWi0; ;4;8; ; ;
2018-03-05 11:02:14;NESSA QUARTA!   Convidamos todos e todas a somar e se organizar na luta contra as catracas. Vem com a gente... https://t.co/tWR7RqbY4y; ;5;7; ; ;
2018-03-04 15:00:48;QUEREMOS TEG!... https://t.co/Ep6Hy0aXuq; ;1;2; ; ;
2018-03-03 20:00:04;O BUS√ÉO √â NOSSO! . organize-se voc√™ tamb√©m no seu bairro e na sua regi√£o! . S√ì VAI MUDAR QUANDO O POVO CONTROLAR!... https://t.co/enLkHo0wen; ;3;4; ; ;
2018-03-02 21:30:05;A LICITA√á√ÉO DAS CATRACAS:  A FARSA DA CONSULTA P√öBLICA  Consulta (nada) P√∫blica: um per√≠odo de (zero) divulga√ß√£o... https://t.co/mOl5SXmPRN; ;2;9; ; ;
2018-03-01 21:59:20;::Abaixo assinado feito pelo moradores do extremo sul contra os cortes de linhas (e as consequentes demiss√µes)... https://t.co/lOcsgfDsjg; ;0;1; ; ;
2018-03-01 17:03:38;@carol_bellinger quando tiver, avisamos! enquanto isso, tem interesse em ajudar com panfletagem e cola√ß√£o de lambe-lambe?; ;0;1; ;carol_bellinger;
2018-03-01 16:40:28;VEJA AQUI OS CORTES DOS BUS√ÉO NA NOVA LICITA√á√ÉO! https://t.co/Ucgf2cWQPA  #Licita√ß√£oDasCatracas #CortouMeuBus√£o #oBus√£o√âNosso #Demiss√£oN√ÉO #Privatiza√ß√£oN√ÉO #TarifaZero https://t.co/1rinmrnvgg; ;13;11;#oBus√£o√âNosso, #TarifaZero, #Licita√ß√£oDasCatracas, #CortouMeuBus√£o, #Privatiza√ß√£oN√ÉO, #Demiss√£oN√ÉO; ;
2018-03-01 13:55:01;&gt &gt &gt &gt A SECRET√ÅRIA MUNICIPAL DA INDIRETINHA . Essa gente √© mesmo que nem feij√£o, s√≥ vai na press√£o!!! . Ainda ontem... https://t.co/4KqNKuZfs4; ;2;3; ; ;
2018-03-01 02:11:27;J√Å VIU O QUE D√ìRIA E SPTRANS QUEREM FAZER COM SUA LINHA?  Ou ningu√©m nunca tinha te falado disso antes?  S√ì VAI... https://t.co/x5KFqkGDed; ;6;4; ; ;
2018-02-28 14:27:05;Voc√™ sabe o que o D√≥ria quer fazer com sua linha do bus√£o?  https://t.co/Ucgf2cWQPA #Licita√ß√£oDosCarteis #CortouMeuBus√£o #oBus√£o√âNosso #Demiss√£oN√ÉO #Privatiza√ß√£oN√ÉO #TarifaZero; ;1;2;#Licita√ß√£oDosCarteis, #oBus√£o√âNosso, #TarifaZero, #CortouMeuBus√£o, #Privatiza√ß√£oN√ÉO, #Demiss√£oN√ÉO; ;
2018-02-28 14:26:14;vc contrataria um encanador pra consertar um vazamento no seu banheiro, daria a ele um prazo de 20 anos pra fazer o trabalho, garantindo  pagamentos regulares, mesmo se o servi√ßo dele fosse ruim e o banheiro continuasse vazando?  #Licita√ß√£oDasCatracas #CortouMeuBus√£o; ;2;5;#CortouMeuBus√£o, #Licita√ß√£oDasCatracas; ;
2018-02-27 20:03:33;da Zona sul √† Zona Leste,  a luta por Transporte Escolar Gratuito √© uma s√≥!... https://t.co/kr1CFQnUdx; ;1;5; ; ;
2018-02-27 14:21:03;J√Å SABE O QUE D√ìRIA PRETENDE FAZER COM AS LINHAS DE √îNIBUS?  Baixe o pdf aqui -&gt ... https://t.co/78absVqmmz; ;2;4; ; ;
2018-02-27 13:31:27;QUEREMOS TEG!  T√° rolando agora na DRE Capela do Socorro manifesta√ß√£o das m√£es, crian√ßas, condutores e... https://t.co/jZNDXYV63q; ;1;2; ; ;
2018-02-26 23:03:15;T√Å VOLTANDO PRA CASA OU S√ì MAIS TARDE? SABE SE ANO QUE VEM O D√ìRIA VAI TER CORTADO SEU √îNIBUS?  aqui os cortes... https://t.co/UzGw5cneTi; ;6;2; ; ;
2018-02-24 22:40:38;Amanh√£, haver√° uma reuni√£o para quem se interessa em entrar no Movimento Passe Livre SJC.  A luta por um... https://t.co/L1NXlRpviE; ;2;4; ; ;
2018-02-23 17:23:00;&gt &gt &gt Todo apoio a luta dos estudantes das etecs por merenda e contra o corte de aulas! https://t.co/POKZiZDnIx; ;0;1; ; ;
2018-02-23 14:58:34;::Aten√ß√£o pessoal do grande ABC! Hoje a noite vamos ter uma reuni√£o aberta do MPL ABC as 19h na praca do Carmo... https://t.co/q42DHZ1CU6; ;1;1; ; ;
2018-02-21 22:30:20;::Aten√ß√£o pessoal do grande ABC! Essa sexta a noite vamos ter uma reuni√£o aberta do MPL ABC as 19h na praca do... https://t.co/sNQL4aiQx9; ;2;2; ; ;
2018-02-21 21:00:03;O SENHOR DOS CART√âIS:  A SAGA DOS DEVORADORES DE TREM ____________________________________  Nada de novo sob o... https://t.co/MQgTkMZeJb; ;1;6; ; ;
2018-02-20 14:59:44;::Debate sobre transporte amanh√£ na Unesp S√£o Jos√© dos Campos. https://t.co/fStZfFw1DP; ;3;3; ; ;
2018-02-17 19:27:02;D√ìRIA E A INACESS√çVEL LICITA√á√ÉO DO TRANSPORTE.... https://t.co/q6vJYp7Sla; ;1;2; ; ;
2018-02-14 20:30:23;::::::::::::::::::::::::::::::::::::::::::::::::::::::::::::::::::::::::::::::::::::: QUEREMOS TRANSPORTE ESCOLAR... https://t.co/dnw8VEIYtY; ;2;4; ; ;
2018-02-14 19:32:38;I posted a new video to Facebook https://t.co/pcpsldu2EK; ;0;1; ; ;
2018-02-14 14:30:03;::::::::::::::::::::::::::::::::::::::::::::::::::::::::::::::::::::::::::::::::::::: QUEREMOS TRANSPORTE ESCOLAR... https://t.co/nlWY8g9S03; ;0;3; ; ;
2018-02-14 11:46:08;https://t.co/V2f7Gj4Rzy; ;8;18; ; ;
2018-02-10 14:28:57;TRANSPORTE E DIREITO √Ä CIDADE  No dia 21 de fevereiro vai acontecer esse debate  bem importante em S√£o Jos√© dos... https://t.co/G6u8qd9g7v; ;2;4; ; ;
2018-02-09 19:15:05;::: P U L A . C A R N A V A L  ::: P U L A . A . C A T R A C A ! ! !... https://t.co/GjlWw7Gosy; ;0;1; ; ;
2018-02-09 18:23:43;::: P U L A R . C A R N A V A L ? ::: P U L A . A . C A T R A C A ! ! !... https://t.co/yHBjEBwojA; ;0;4; ; ;
2018-02-09 17:00:34;&gt &gt &gt DAQUI A POUCO TEM MAIS UM ATO CONTRA O AUMENTO DA PASSAGEM EN GOIANO! TAMO JUNTO! https://t.co/qEE4G3lTkl; ;1;8; ; ;
2018-02-09 15:05:46;&gt &gt &gt Fotos do protesto dessa semana em Guarulhos contra o aumento e por transporte escolar gratuito. E hoje em... https://t.co/UkmS64ZWHL; ;2;7; ; ;
2018-02-07 20:59:12;Quando eu passo a catraca e descubro que n√£o √© open bar https://t.co/SqBSZqPW08; ;2;14; ; ;
2018-02-07 14:10:51;&gt &gt &gt HOJE TEM ATO CONTRA O AUMENTO E POR PERUA DE TRANSPORTE ESCOLAR GRATUITO PARA AS CRIAN√áAS EM GUARULHOS! COLA... https://t.co/w3cYbjRYbs; ;1;3; ; ;
2018-02-06 14:40:06;&gt &gt &gt AMANH√É TEM ATO CONTRA O AUMENTO E POR PERUA DE TRANSPORTE ESCOLAR GRATUITO PARA AS CRIAN√áAS EM GUARULHOS!... https://t.co/TDdji1PeuT; ;2;6; ; ;
2018-02-05 16:14:48;&gt &gt &gt PROTESTO NO GRAJA√ö DE M√ÉES, PAIS E PERUEIROS CONTRA OS CORTES NO PROGRAMA DE TRANSPORTE ESCOLAR GRATUITO.... https://t.co/G4vabuAAlO; ;0;3; ; ;
2018-02-04 23:21:51;&gt &gt &gt GUARULHOS EM LUTA CONTRA O AUMENTO E POR PERUA DE TRANSPORTE ESCOLA GRATUITO PRAS CRIAN√áAS DO BAIRRO NOVO BOM... https://t.co/7SJpvXETIr; ;3;2; ; ;
2018-02-04 17:38:44;&gt &gt &gt MATERIAIS DA LUTA CONTRA O AUMENTO EM GUARULHOS!  Quarta 07/02 tem ato contra o aumenro em Guarulhos, no... https://t.co/s9AlCHXt0y; ;2;4; ; ;
2018-02-04 14:01:13;&gt &gt &gt DAQUI A TEMPO TEM DEBATE P√öBLICO EM GUARULHOS! COLA GERAL! https://t.co/mbB4rwO6Ub; ;0;1; ; ;
2018-02-03 21:39:28;&gt &gt &gt LINHA AMARELA FECHADA TEMPORARIAMENTE POR DESPREPARO DA POLITICA PRIVATISTA DE ALCKMIN EM LIDAR COM O... https://t.co/2uM3yX3AWn; ;2;8; ; ;
2018-02-02 23:38:18;Video de protesto contra o aumento hoje em S√£o Roque, enquanto houver tarifa havera resistencia! https://t.co/M4PrEhVlLh; ;0;3; ; ;
2018-02-01 22:29:27;&gt &gt &gt AMANH√É TEM PROTESTO CONTRA O AUMENTO EM S√ÉO ROQUE! BORA FORTELECER! https://t.co/KktTPhj6Sb; ;1;3; ; ;
2018-02-01 16:19:50;&gt &gt &gt A LUTA DO TRANSPORTE EM S√ÉO JOS√â DOS CAMPOS AVAN√áA! PARTICIPE DAS ATIVIDADES DA SEMANA! N√ÉO PODEMOS ADMITIR... https://t.co/7UWWkBBt5f; ;1;7; ; ;
2018-01-31 21:19:05;4 reais N√£o D√°!  Aula P√∫blica Contra o Aumento est√° acontecendo agora!   Pra deixar claro pro Prefake e pro... https://t.co/q2T2tge9M1; ;1;5; ; ;
2018-01-31 16:36:11;&gt &gt &gt HOJE TAMBEM TEM ATO CONTRA O AUMENTO EM GOIANIA! TODO APOIO! https://t.co/E2t3KQK2Zh; ;2;3; ; ;
2018-01-31 15:30:09;VAI TER LUTA EM GUARULHOS! 4,30 N√ÉO! 4,70 NUNCA!  TARIFA ZERO J√Å! https://t.co/E3mWewYe5g; ;3;5; ; ;
2018-01-31 14:30:02;AULA P√öBLICA CONTRA O AUMENTO &gt &gt &gt &gt  √â HOJE! . .. CONTRA O AUMENTO: ..... 31.01, qua, no Largo do Paissandu:... https://t.co/Ez4j0TsXkh; ;2;6; ; ;
2018-01-31 09:58:55;Lembrando que hoje √†s 17 temos oficina de materiais e √†s 18 temos aula p√∫blica  As atividades v√£o ser no Largo do Paissandu; ;6;7; ; ;
2018-01-31 00:32:31;Poesia catraqueira ‚ù§ https://t.co/N32R3Y3PNq; ;6;11; ; ;
2018-01-30 22:30:03;VIOLENTO √â O ESTADO!  Bora todo mundo fortalecer a vaquinha da Pavio! Falta pouco para recuperar os equipamentos... https://t.co/WFbm0vhLeI; ;3;6; ; ;
2018-01-30 20:03:30;A viol√™ncia do Estado n√£o vai parar a luta e a resist√™ncia contra as catracas! https://t.co/m7WVDhc41s; ;6;8; ; ;
2018-01-29 14:05:28;https://t.co/kKyYsW9oSX; ;0;0; ; ;
2018-01-28 20:13:11;&gt &gt &gt A LUTA DO TRANSPORTE EM S√ÉO JOS√â DOS CAMPOS AVAN√áA! PARTICIPE DAS ATIVIDADES DA SEMANA! N√ÉO PODEMOS ADMITIR... https://t.co/yBSYQK1vEO; ;5;9; ; ;
2018-01-28 14:35:34;A luta por um transporte verdadeiramente p√∫blico continua! 31.01 √†s 17h tem Aula P√∫blica Contra O Aumento no... https://t.co/EI72GGcsYw; ;12;14; ; ;
2018-01-28 12:18:45;So vai mudar quando o povo controlar! Tarifa zero quando?  Tariza zero ja! https://t.co/GWC7xpYPx8; ;5;5; ; ;
2018-01-27 23:50:36;S√°bado √† noite, dia de pensar naquele role que vc poderia fazer por 10 conto mas com o aumento custa 18; ;12;15; ; ;
2018-01-27 19:08:26;&gt &gt &gt TE CUIDA D√ìRIA! A ZONA SUL MANDA O RECADO! N√ÉO VAMOS ACEITAR NENHUM CORTE! https://t.co/8ef1s26Eq0; ;1;4; ; ;
2018-01-25 18:20:20;#4reaisnao #aumentonao #tarifazero https://t.co/ojhZEeotfM; ;18;29;#tarifazero, #aumentonao, #4reaisnao; ;
2018-01-25 15:38:03;=====DEN√öNCIA: VIOL√äNCIA E REPRESS√ÉO DURANTE ESCRACHO NA IGREJA DA S√â!  Mais uma vez n√£o ficamos calados! Mais... https://t.co/GmEybhqtiu; ;6;11; ; ;
2018-01-25 14:31:08;&gt &gt &gt &gt ESCRACHO NOS GESTORES: ENQUANTO HOUVER CATRACAS N√ÉO H√Å O QUE SE COMEMORAR!  (mais imagens)  'M√£o para o... https://t.co/QYaPYpnOdN; ;3;7; ; ;
2018-01-24 23:08:45;&gt &gt &gt Hoje aumentou a tarifa dos transportes em Goi√¢nia e a popula√ß√£o ja saiu pra ruas panfletar em luta contra o... https://t.co/aIU1iHaZYt; ;5;10; ; ;
2018-01-23 23:40:51;POL√çCIA DE D√ìRIA E ALCKMIN REPRIMEM 3¬∞ ATO CONTRA O AUMENTO! https://t.co/IiuBgucuKH; ;8;8; ; ;
2018-01-23 22:40:09;Aula P√∫blica Contra o Aumento, 31.01, 17h, Largo do Paissand√∫ VAI DE BONDE! VAI CATRACANDO!  #4reaisN√£o #AumentoN√£o #TarifaZero #PasseLivre #RevogaOaumento; ;5;12;#RevogaOaumento, #TarifaZero, #PasseLivre, #4reaisN√£o, #AumentoN√£o; ;
2018-01-23 22:38:45;4 reais N√ÉO D√Å!  4 reais NUNCAAAAAA!  A luta por um transporte verdadeiramente p√∫blico continua!  Desde o in√≠cio... https://t.co/Kfnd7mww1X; ;4;15; ; ;
2018-01-23 22:36:05;Nossos 4 companheiros est√£o bem e ser√£o liberados em breve!!  #4reaisN√£o #AumentoN√£o #TarifaZero #PasseLivre #RevogaOaumento; ;8;10;#RevogaOaumento, #TarifaZero, #PasseLivre, #4reaisN√£o, #AumentoN√£o; ;
2018-01-23 22:20:23;PM REPRIME ATO ENQUANTO MANIFESTANTES TENTAM DISPERSAR! COVARDES!!!!  #4reaisN√£o #AumentoN√£o #TarifaZero #PasseLivre #RevogaOaumento; ;9;13;#RevogaOaumento, #TarifaZero, #PasseLivre, #4reaisN√£o, #AumentoN√£o; ;
2018-01-23 22:03:47;POL√çCIA RA√áA DO CARALHO! ESTADO A SERVI√áO DO CAPITAL CONTRA AS PESSOAS! Protejam as vidra√ßas, atirem no povo! https://t.co/o9jyyC4S3z; ;7;15; ; ;
2018-01-23 22:03:41;Assembleia decidiu fazer o trajeto proibido pela PM at√© a 3a DP na Rua Aurora  #4reaisN√£o #AumentoN√£o #TarifaZero #PasseLivre #RevogaOaumento https://t.co/WNz8kcbbai; ;6;12;#RevogaOaumento, #TarifaZero, #PasseLivre, #4reaisN√£o, #AumentoN√£o; ;
2018-01-23 21:58:44;Assembleia rolando agora no 3o ato para decidir qual trajeto faremos.  #4reaisN√£o #AumentoN√£o #TarifaZero #PasseLivre #RevogaOaumento; ;0;6;#RevogaOaumento, #TarifaZero, #PasseLivre, #4reaisN√£o, #AumentoN√£o; ;
2018-01-23 21:56:04;A PM n√£o quer deixar o ato ir at√© a 3a DP onde nossos companheiros est√£o detidos!!!; ;4;7; ; ;
2018-01-23 21:50:27;Os 4 companheiros est√£o detidos na 3a DP na Rua Aurora! A PM e o Estado est√£o impedindo o direito de manifesta√ß√£o, proibindo bandeiras no ato e o porte de leite de magn√©sia!!   #4reaisN√£o #AumentoN√£o #TarifaZero #PasseLivre #RevogaOaumento; ;4;6;#RevogaOaumento, #TarifaZero, #PasseLivre, #4reaisN√£o, #AumentoN√£o; ;
2018-01-23 21:36:59;https://t.co/TYcZYUZWqt; ;0;2; ; ;
2018-01-23 21:19:31;CAD√ä OS 4 DETIDOS???? At√© agora eles n√£o foram encontrados!!!  #4reaisN√£o #AumentoN√£o #TarifaZero #PasseLivre #RevogaOaumento; ;6;8;#RevogaOaumento, #TarifaZero, #PasseLivre, #4reaisN√£o, #AumentoN√£o; ;
2018-01-23 21:11:54;RT @cmi_saopaulo: 3¬∫ Grande Ato Contra o Aumento da Tarifa. Ato segue cercado pela pol√≠cia.  Enquanto isso... ‚ÄúPula catraca!!‚Äù  #4ReaisN√£o‚Ä¶;cmi_saopaulo;0;0;#4ReaisN√£o;cmi_saopaulo;
2018-01-23 21:04:15;Prefake D√≥ria e o Geraldinho t√£o com medo do ato e chamaram os amiguinhos deles pra cercar a concentra√ß√£o!!! Vem que d√° tempo!!! Av. Ipiranga x Av. S√£o Jo√£o! #4reaisN√£o #AumentoN√£o #TarifaZero #PasseLivre #RevogaOaumento https://t.co/kBwRoom6Jc; ;7;10;#RevogaOaumento, #TarifaZero, #PasseLivre, #4reaisN√£o, #AumentoN√£o; ;
2018-01-23 20:57:00;Cad√™ os 4 detidos??? A PM disse que eles seriam levados at√© a 3a DP na Rua Aurora e at√© agora eles n√£o est√£o l√°. Enquanto n√£o soubermos onde eles est√£o, o ato n√£o sair√°! NINGU√âM FICA PRA TR√ÅS! #4reaisN√£o #AumentoN√£o #TarifaZero #PasseLivre #RevogaOaumento https://t.co/RdRJ8foo6s; ;13;12;#RevogaOaumento, #TarifaZero, #PasseLivre, #4reaisN√£o, #AumentoN√£o; ;
2018-01-23 20:39:35;Concentra√ß√£o do 3o Grande Ato t√° rolando. Av. Ipiranga x Av. S√£o Jo√£o AGORA. VEM DE BONDE! VEM CATRACANDO! #4reaisN√£o #AumentoN√£o #TarifaZero #PasseLivre #RevogaOaumento; ;0;2;#RevogaOaumento, #TarifaZero, #PasseLivre, #4reaisN√£o, #AumentoN√£o; ;
2018-01-23 20:17:40;&gt &gt &gt &gt  PM TENTA IMPEDIR O ATO  Nesse momento a Pol√≠cia Militar est√° tentando impedir a sa√≠da do 3o Grande Ato... https://t.co/nzQSYA6zK0; ;4;5; ; ;
2018-01-23 20:07:48;https://t.co/DIe02pegKA   STREAMING DO @cmi_saopaulo; ;0;2; ;cmi_saopaulo;
2018-01-23 18:05:27;üé∂Alguma coisa acontece no meu cora√ß√£o Que s√≥ quando travo a Ipiranga contra o aumento do bus√£oüé∂ https://t.co/fSPOxI85QT; ;6;19; ; ;
2018-01-23 15:57:39;&gt &gt &gt ESCRACHO EM ALCKMIN DURANTE INAUGURA√á√ÉO DAS CATRACAS DA VIA QUATRO  Hoje pela manh√£ escrachamos o Governador... https://t.co/qOPUzGmgzH; ;3;6; ; ;
2018-01-23 12:55:24;&gt &gt &gt ESCRACHO NO GOVERNADOR ALCKMIN, SENHOR DOS CART√âIS, DURANTE INAGURA√á√ÉO DAS CATRACAS DA VIA QUATRO  Hoje pela... https://t.co/URZrJ4jnBG; ;6;10; ; ;
2018-01-23 12:53:51;&gt &gt &gt ESCRACHO NO GOVERNADOR ALCKMIN, SENHOR DOS CART√âIS, DURANTE INAGURA√á√ÉO DAS CATRACAS DA VIA QUATRO  Hoje pela... https://t.co/mFqs33QXR2; ;0;3; ; ;
2018-01-23 12:35:13;Bom dia Sr. Geraldo, como vai? Hoje na inaugura√ß√£o da esta√ß√£o Mackenzie Higien√≥polis, seguran√ßas agrediram manifestantes contra o aumento da tarifa e a privatiza√ß√£o. https://t.co/i0iamB7hP4; ;24;25; ; ;
2018-01-22 17:49:43;&gt &gt &gt Pesquisa mostra como o aumento da tarifa piora nossas vidas: 52% das pessoas j√° deixaram de visitar a... https://t.co/5c2Vp492kH; ;11;14; ; ;
2018-01-22 12:40:50;&gt &gt  23 DE MAIO AMANHECEU TRAVADA CONTRA O AUMENTO DA TARIFA!  A popula√ß√£o j√° vem dizendo desde o come√ßo do m√™s:... https://t.co/aII2BNHGaM; ;3;5; ; ;
2018-01-22 11:09:09;RT @cmi_saopaulo: #S√£oPaulo #PasseLivre Hoje cedo a Av. 23 de Maio (principal via de liga√ß√£o Sul-Norte) foi bloqueada com barricada de fogo‚Ä¶;cmi_saopaulo;0;0;#S√£oPaulo, #PasseLivre;cmi_saopaulo;
2018-01-22 08:56:34;R$4,00 jamais! https://t.co/pC8ii9d407; ;9;16; ; ;
2018-01-22 08:34:19;&gt &gt  23 DE MAIO AMANHECEU TRAVADA CONTRA O AUMENTO DA TARIFA!  A popula√ß√£o j√° vem dizendo desde o come√ßo do m√™s:... https://t.co/C5F9RiHgue; ;6;10; ; ;
2018-01-21 22:19:18;&gt &gt  A LUTA PELO TRANSPORTE REALMENTE P√öBLICO E CONTRA AS CATRACAS N√ÉO PARA!!  Essa semana, todos os dias... https://t.co/S1Lwb3rZC2; ;7;7; ; ;
2018-01-20 23:40:21;https://t.co/2tUeZ2DhWv; ;0;1; ; ;
2018-01-20 20:43:32;&gt &gt &gt FOTOS DO ATO DE ONTEM EM GOI√ÇNIA CONTRA O AUMENTO E EM DEFESA DO PASSE ESTUDANTIL! TODO APOIO! A LUTA √â UMA... https://t.co/9A7DYQQYie; ;2;4; ; ;
2018-01-20 16:20:05;&gt &gt &gt  CATRACA√áO DESSA SEXTA NA ESTA√á√ÉO CAP√ÉO REDONDO!!  Mais imagens do catraca√ßo que aconteceu ontem de manh√£ na... https://t.co/qMrMM6w1OI; ;4;9; ; ;
2018-01-20 13:56:37;&gt &gt &gt V√çDEO DO ATO DE ONTEM EM GOI√ÇNIA CONTRA O AUMENTO E EM DEFESA DO PASSE ESTUDANTIL! NOSSA LUTA √â A MESMA! TODO... https://t.co/Wz83s9RkdG; ;0;3; ; ;
2018-01-19 19:29:29;&gt &gt &gt  CATRACA√áO HOJE NA ESTA√á√ÉO CAP√ÉO!!  Mais imagens do catraca√ßo que aconteceu hoje cedo na esta√ß√£o Cap√£o da... https://t.co/uzSEkgyUUl; ;8;6; ; ;
2018-01-19 13:55:05;HOJE ACONTECE O SEGUNDO ATO CONTRA O AUMENTO EM OSASCO! COLA GERAL! TRANSPORTE √â UM DIREITO E N√ÉO MERCADORIA!... https://t.co/hxc4UiTZHy; ;5;8; ; ;
2018-01-19 12:50:13;&gt &gt &gt ROLANDO AGORA ATO CONTRA O AUMENTO EM GOI√ÇNIA! 4,05 √â ROUBO! https://t.co/phf9uNIMGL; ;0;1; ; ;
2018-01-19 11:03:14;&gt &gt &gt  CATRACA√áO MASSIVO NA ESTA√á√ÉO CAP√ÉO!!  Hoje cedo na esta√ß√£o Cap√£o da linha lil√°s, foi organizado mais um... https://t.co/H7bCcIBn7F; ;3;5; ; ;
2018-01-19 11:02:04;I posted a new video to Facebook https://t.co/HGtqNFzVeX; ;1;1; ; ;
2018-01-18 22:49:26;N√£o √© de hoje que a pol√≠cia tenta esconder a repress√£o que emprega sobre os corpos daqueles que se recusam a... https://t.co/9LiV0hFdlG; ;5;4; ; ;
2018-01-18 22:02:04;3o GRANDE ATO CONTRA O AUMENTO 23.01.18 17H AV. IPIRANGA x AV. S√ÉO JO√ÉO  VAI DE BONDE! VAI CATRACANDO!  4 REAIS... https://t.co/FpBpuyifrV; ;5;6; ; ;
2018-01-18 19:35:57;Todo apoio √† luta pelo Transporte Escolar Gratuito!  A luta √© uma s√≥!  Desde a gest√£o Haddad uma s√©rie de cortes... https://t.co/xhjyheT3YV; ;4;4; ; ;
2018-01-18 19:17:01;RT @elsobresalto: Y esta es la t√©cnica definitiva y la que solemos recomendar cuando no hay tornos: https://t.co/FTeAzb6Flv;elsobresalto;0;0; ;elsobresalto;
2018-01-18 16:21:03;3o GRANDE ATO CONTRA O AUMENTO 23.01.18 17H AV. IPIRANGA x AV. S√ÉO JO√ÉO  VAI DE BONDE! VAI CATRACANDO!  4 REAIS... https://t.co/9fiIvJwyRb; ;1;5; ; ;
2018-01-18 14:57:15;CONTRA A TARIFA, A PRIVATIZA√á√ÉO E A REPRESS√ÉO, A LUTA POR TRANSPORTE P√öBLICO √â UMA S√ì!  Apoiamos agora e sempre... https://t.co/BQZvvq5zmy; ;4;12; ; ;
2018-01-18 11:01:03;3o GRANDE ATO CONTRA O AUMENTO 23.01.18 17H AV. IPIRANGA x AV. S√ÉO JO√ÉO  VAI DE BONDE! VAI CATRACANDO!  4 REAIS... https://t.co/gHx0wljb7y; ;4;16; ; ;
2018-01-18 02:21:06;https://t.co/TFttWgy5Cf; ;0;0; ; ;
2018-01-17 22:54:08;https://t.co/3T8NfyvCH8; ;24;29; ; ;
2018-01-17 22:48:35;3o GRANDE ATO CONTRA O AUMENTO 23.01.18 17H AV. IPIRANGA x AV. S√ÉO JO√ÉO   VAI DE BONDE! VAI CATRACANDO!  4 REAIS... https://t.co/pUAvZVfYkB; ;9;26; ; ;
2018-01-17 22:39:33;REPRESS√ÉO AGORA NA RUA PAES LEME PERTO DO SESC PINHEIROS!!!; ;6;7; ; ;
2018-01-17 22:30:37;O ato terminou no Largo da Batata!!! Pr√≥ximo ato dia 23 no cruzamento da Ipiranga com a S√£o Jo√£o √†s 17!!!; ;4;13; ; ;
2018-01-17 22:11:39;Ato chegando no Largo da Batata. Vem que d√° tempo!!! VEM CATRACANDO! Streaming: https://t.co/DIe02pegKA #4ReaisN√£o #PasseLivre #TarifaZero #AumentoN√£o https://t.co/MjINv7opLH; ;7;9;#TarifaZero, #PasseLivre, #4ReaisN√£o, #AumentoN√£o; ;
2018-01-17 22:07:26;O ato t√° na esquina da Rebou√ßas com Faria Lima indo sentido Largo da Batata. Streaming: https://t.co/DIe02pegKA #4ReaisN√£o #PasseLivre #TarifaZero #AumentoN√£o https://t.co/u18uYT2yhH; ;6;10;#TarifaZero, #PasseLivre, #4ReaisN√£o, #AumentoN√£o; ;
2018-01-17 22:05:38;&gt &gt &gt &gt &gt  QUEIMA CATRACA!  O ato t√° na esquina da Rebou√ßas com Faria Lima indo sentido Largo da Batata.  Streaming:... https://t.co/WGDfs0BDqr; ;1;5; ; ;
2018-01-17 21:56:26;RT @PersonalEscrito: #Brazil: Second demonstration against the increase public transportation fare in #S√£oPaulo right now. #4ReaisN√£o #Tari‚Ä¶;PersonalEscrito;0;0;#S√£oPaulo, #4ReaisN√£o, #Brazil;PersonalEscrito;
2018-01-17 21:55:43;Pela livre circula√ß√£o, que todas as catracas sejam queimadas  #4ReaisN√£o #TarifaZero #PasseLivre #AumentoN√£o https://t.co/JSg99xaarw; ;19;23;#TarifaZero, #PasseLivre, #4ReaisN√£o, #AumentoN√£o; ;
2018-01-17 21:46:37;2o grande ato cruzando agora a Faria Lima com a Rebou√ßas! VAI DE BONDE! VAI CATRACANDO! #TarifaZero #4ReaisN√£o #PasseLivre #AumentoN√£o; ;2;1;#TarifaZero, #PasseLivre, #4ReaisN√£o, #AumentoN√£o; ;
2018-01-17 21:25:50;Passando pela Faria Lima  #TarifaZero #4ReaisN√£o #PasseLivre https://t.co/cQPh64l9Ht; ;7;15;#TarifaZero, #PasseLivre, #4ReaisN√£o; ;
2018-01-17 21:10:18;ATO NA RUA!  A LUTA T√Å S√ì COME√áANDO! TARIFA ZERO! POR UMA VIDA SEM CATRACAS!... https://t.co/Dmzq4c8qHN; ;1;7; ; ;
2018-01-17 21:05:11;Ato saindo em dire√ß√£o ao Largo da Batata https://t.co/nLdg8tpilX; ;12;24; ; ;
2018-01-17 21:03:05;&gt &gt &gt  Ato saindo!  Ao vivo: https://t.co/DIe02pvRC8 https://t.co/T0UJqNxHHz; ;4;3; ; ;
2018-01-17 21:02:33;Manifesta√ß√£o contra o aumento das tarifas rolando na Faria Lima  #TarifaZero #PasseLivre #4ReaisN√£o #ContraOAumento https://t.co/TKcVEdgf6h; ;10;6;#TarifaZero, #PasseLivre, #4ReaisN√£o, #ContraOAumento; ;
2018-01-17 21:00:41;RT @acacio1871: Fanfarra do MAL mandando ver na frente do ato. #PasseLivre #TarifaZero #4ReaisN√£o #AumentoN√£o https://t.co/0ejGpV3IK3;acacio1871;0;0;#TarifaZero, #PasseLivre, #4ReaisN√£o, #AumentoN√£o;acacio1871;
2018-01-17 21:00:15;Por uma vida sem catracas, em que espa√ßos p√∫blicos sejam p√∫blicos https://t.co/xE3MQFCqL5; ;7;12; ; ;
2018-01-17 20:58:35;RT @acacio1871: Jogral antes de sair ressaltando que a pol√≠cia PROIBIU que o ato fosse em frente a casa do D√≥ria. Tivemos o dito direito co‚Ä¶;acacio1871;0;0; ;acacio1871;
2018-01-17 20:29:38;Rolando o debate :)  #TarifaZero #4ReaisN√£o #PasseLivre https://t.co/faouFltYDG; ;8;16;#TarifaZero, #PasseLivre, #4ReaisN√£o; ;
2018-01-17 20:25:15;&gt &gt &gt  Agora: Concentra√ß√£o do Ato trava Av. Faria Lima!   A LUTA T√Å S√ì COME√áANDO! TARIFA ZERO!... https://t.co/ZwXJyvGEl8; ;0;3; ; ;
2018-01-17 19:57:54;T√° rolando a concentra√ß√£o no cruzamento da Faria Lima com a Cidade Jardim. Bora colar!!; ;1;3; ; ;
2018-01-17 19:56:39;Evite passar pelo bairro Jardim Europa: enquadros da pol√≠cia nesse caminho. #TarifaZero #4reaisN√£o #PasseLivre #ContraOAumento; ;3;4;#TarifaZero, #PasseLivre, #4reaisN√£o, #ContraOAumento; ;
2018-01-17 19:44:57;&gt &gt &gt &gt  O PREFAKE D√ìRIA N√ÉO QUER NOS RECEBER!!!  O prefeito playboy fechou a rua It√°lia na altura da casa dele,... https://t.co/pjmntUbv66; ;2;1; ; ;
2018-01-17 19:34:12;CONCENTRA√á√ÉO DO ATO FOI ALTERADA PARA A ESQUINA ENTRE AV CIDADE JARDIM E FARIA LIMA; ;5;5; ; ;
2018-01-17 19:31:31;RT @J_LIVRES: Militantes do MPL explicam agora porque o ato contra o aumento das tarifas de transporte p√∫blico  #TarifaZeroJ√° https://t.co/‚Ä¶;J_LIVRES;0;0;#TarifaZeroJ√°;J_LIVRES;
2018-01-17 19:30:03;RT @acacio1871: Est√° rolando uma situa√ß√£o absolutamente bizarra. As ruas do entorno da casa do Prefeito Jo√£o D√≥ria parece um territ√≥rio ocu‚Ä¶;acacio1871;0;0; ;acacio1871;
2018-01-17 19:29:40;RT @mpl_sp: &gt &gt &gt  Concentra√ß√£o do ato alterada para o cruzamento da Av. Faria Lima com a Av. Cidade Jardim!!!    A policia j√°... https://t.co‚Ä¶;mpl_sp;0;0; ;mpl_sp;
2018-01-17 18:46:35;&gt &gt &gt  Concentra√ß√£o do ato alterada para o cruzamento da Av. Faria Lima com a Av. Cidade Jardim!!!    A policia j√°... https://t.co/NLWNngdgBn; ;6;8; ; ;
2018-01-17 18:41:27;Daqui a pouco come√ßa na casa do D√≥ria, rua It√°lia 414, o Segundo Ato Contra o Aumento  Vamo vamo!!!  #TarifaZero #PasseLivre #4ReaisN√£o https://t.co/6Xtzt1oGms; ;6;12;#TarifaZero, #PasseLivre, #4ReaisN√£o; ;
2018-01-17 18:30:02;&gt &gt &gt VEM PRO SEGUNDO GRANDE ATO CONTRA O AUMENTO!!  Pra agitar a concentra√ß√£o (na casa do D√≥ria, r. it√°lia, 414),... https://t.co/n8AF4sgGNQ; ;3;6; ; ;
2018-01-17 17:51:33;https://t.co/uvWbKhmfZF; ;10;16; ; ;
2018-01-17 17:44:39;&gt &gt &gt LOGO MAIS O SEGUNDO GRANDE ATO CONTRA O AUMENTO!! INFORMA√á√ïES PARA CHEGAR AO LOCAL DE CONCENTRA√á√ÉO EM FRENTE A... https://t.co/s9Y2I58YC8; ;7;17; ; ;
2018-01-17 17:25:18;&gt &gt &gt ESSA SEXTA ACONTECE O SEGUNDO CONTRA O AUMENTO EM OSASCO! 4,35 √â ROUBO! N√ÉO VAMOS ACEITAR! COLA GERAL!... https://t.co/XzmatqO1Jo; ;2;4; ; ;
2018-01-17 14:58:12;Debate p√∫blico hoje antes do ato. Come√ßa √†s 16  #TarifaZero #GestaoPopular #4ReaisN√£o https://t.co/d1L1mMzta4; ;11;17;#TarifaZero, #GestaoPopular, #4ReaisN√£o; ;
2018-01-17 14:56:08;RT @acacio1871: √â hoje! Cola geral! Vamos fazer o prefake playboy recuar! #TarifaZero #PasseLivre #4ReaisN√£o https://t.co/JHieBw2PQN;acacio1871;0;0;#TarifaZero, #PasseLivre, #4ReaisN√£o;acacio1871;
2018-01-17 13:06:03;&gt &gt &gt √â HOJE O SEGUNDO GRANDE ATO CONTRA O AUMENTO!!  Pra agitar a concentra√ß√£o (na casa do D√≥ria, r. it√°lia, 414),... https://t.co/cp2pWoGh7G; ;3;1; ; ;
2018-01-17 11:33:46;Vamos dar nosso recado pro D√≥ria em frente √† casa dele. Rua It√°lia 414  N√£o existe paz enquanto n√£o houver justi√ßa social; ;9;15; ; ;
2018-01-17 09:32:27;Hoje √© o ato contra aumento √†s 17 na casa do D√≥ria, rua It√°lia 414; ;16;26; ; ;
2018-01-16 20:20:34;Amanh√£ o ato concentra em frente √† casa do D√≥ria, rua It√°lia 414, √†s 17  Imagina a cena: pov√£o passando em frente aos pal√°cios dos Jardins  #TarifaZero; ;15;15;#TarifaZero; ;
2018-01-16 19:05:11;&gt &gt &gt &gt AMANH√É √â O SEGUNDO GRANDE ATO CONTRA O AUMENTO!! 17H, NA CASA DO D√ìRIA (rua it√°lia, 414). COLA GERAL!  __16h... https://t.co/IFJ9dXgSD2; ;8;11; ; ;
2018-01-16 17:50:18;https://t.co/FbWb33JudX; ;0;2; ; ;
2018-01-16 14:45:56;https://t.co/27NkNxQVLe; ;0;0; ; ;
2018-01-16 14:13:00;&gt &gt &gt FOTOS DO PROTESTO DE ONTEM EM JOINVILLE CONTRA O AUMENTO! TAMO JUNTO! POR UMA VIDA SEM CATRACAS!  &gt &gt &gt E em SP... https://t.co/0k782s9cCG; ;2;4; ; ;
2018-01-16 12:45:55;&gt &gt &gt A SEMANA NACIONAL DE LUTAS CONTRA O AUMENTO E POR TARIFA ZERO CONTINUA! ORGANIZE SUA CIDADE OU REGI√ÉO CONTRA... https://t.co/JfzaF71gsw; ;2;4; ; ;
2018-01-16 09:17:57;Erguer barricadas para abrir alamedas #TarifaZero https://t.co/tMdkJeygs7; ;16;28;#TarifaZero; ;
2018-01-16 09:02:38;RT @radiobandnewsfm: Uma barricada, feita com pneus incendiados, bloqueia quase totalmente a Radial Leste, no sentido centro, antes do Viad‚Ä¶;radiobandnewsfm;0;0; ;radiobandnewsfm;
2018-01-16 09:01:33;Se n√£o h√° direitos para os de baixo, que n√£o haja paz para os de cima https://t.co/Kok26Ej7YO; ;32;87; ; ;
2018-01-16 08:52:28;Radial leste fechada contra o aumento da passagem!! https://t.co/VYuFhzuOJW; ;24;53; ; ;
2018-01-16 08:48:56;RT @cmi_saopaulo: Agora uma barricada com fogo bloqueia Av. Radial Leste no sentido centro em protesto contra o aumento das tarifas de √¥nib‚Ä¶;cmi_saopaulo;0;0; ;cmi_saopaulo;
2018-01-15 23:01:19;&gt &gt &gt FOTOS DO ATO DE HOJE EM OSASCO! 4,35. √â ROUBO! A LUTA CONTRA OS AUMENROS SE ESPALHA PELO BRASIL! VAMOS PARTIR... https://t.co/GW6PGdi8RZ; ;3;9; ; ;
2018-01-15 22:02:53;Al√©m do catraca√ßo que postamos hoje, outra inspira√ß√£o para essa forma de protesto √© o 'Manual da Catraqueira' feito pelas nossas amigas do @mpldf  https://t.co/FJbjKWyKxA; ;9;10; ;mpldf;
2018-01-15 21:32:44;ENQUANTO HOUVER TARIFA VAI TER CATRACA√áO  Hoje, a poucos minutos, na esta√ß√£o Rep√∫blica do metro os passageiros... https://t.co/Su03cvjuqo; ;2;8; ; ;
2018-01-15 21:05:03;COMO FAZER UM CATRACA√áO: https://t.co/mxnHYxKR50; ;6;4; ; ;
2018-01-15 20:48:06;N√£o tem 4 conto no bilhete √∫nico pra ir pro ato contra o aumento? Venha catracando!!  Depois de amanh√£, dia 17, na frente da casa do D√≥ria, Rua It√°lia 414; ;13;18; ; ;
2018-01-15 18:48:57;D√≥ria falou que 4 conto √© pra facilitar o troco. Sabe o que facilita? Tarifa Zero; ;22;62; ; ;
2018-01-15 16:04:49;4 reais N√ÉO D√Å!  Ei, D√≥ria-playboy!   Ei, Alckmin-dos-Cart√©is!  N√£o adianta voc√™s tentarem se esconder! N√≥s vamos... https://t.co/xDj4kRZEQ3; ;12;22; ; ;
2018-01-15 13:40:25;https://t.co/YVRJKN4JWl; ;10;26; ; ;
2018-01-15 10:56:32;https://t.co/snDB7pBfsP; ;15;20; ; ;
2018-01-15 10:27:55;RT @phcidro: andar sem passe livre e tipo andar sem perna;phcidro;0;0; ;phcidro;
2018-01-15 10:26:55;Depois de amanh√£ √© o ato com concentra√ß√£o em frente √† casa do D√≥ria; ;9;15; ; ;
2018-01-15 09:08:32;VEM CATRACANDO PRO PR√ìXIMO ATO!  Dia 17 as 17h na casa do D√≥ria!  QUARTA VAI SER MAIOR!  #4ReaisN√£o... https://t.co/dbww7kL4CI; ;8;7;#4ReaisN√£o; ;
2018-01-15 04:02:59;RT @cmi_saopaulo: Apos tens√£o na queima da catraca no final do viaduto 25 de mar√ßo, segue o 1¬∞ Grande Ato contra o aumento #4ReaisN√£o #Tari‚Ä¶;cmi_saopaulo;0;0;#4ReaisN√£o;cmi_saopaulo;
2018-01-15 04:01:55;RT @acacio1871: https://t.co/O9J2pbShYp O catraca√ßo como ato pac√≠fico de desobedi√™ncia civil e a√ß√£o direta. Muito bom o texto do @mpl_sp so‚Ä¶;acacio1871;0;0; ;acacio1871, mpl_sp;
2018-01-15 04:01:15;@Luscis E a√≠ Lucas, pode mandar mensagem por aqui no privado :); ;0;0; ; ;
2018-01-15 03:59:52;@MaaximusDj Procura no face a Semana Nacional de Luta Contra Aumento e Pela Tarifa Zero. V√£o rolar atos em v√°rias cidades; ;0;1; ;MaaximusDj;
2018-01-14 21:06:02;VEM CATRACANDO PRO PR√ìXIMO ATO!  Dia 17 as 17h na casa do D√≥ria!  QUARTA VAI SER MAIOR!  #4ReaisN√£o... https://t.co/PrCLc6vtbl; ;1;2;#4ReaisN√£o; ;
2018-01-14 20:24:35;&gt &gt &gt PANFLETO E LAMBE PARA O SEGUNDO ATO CONTRA O AUMENTO!  Quem puder imprimir e distribuir ou colar na sua... https://t.co/w16Q4qIvmx; ;6;8; ; ;
2018-01-14 17:39:58;https://t.co/E9Zt8aavnu; ;1;1; ; ;
2018-01-14 16:43:07;Semana Nacional de Lutas Contra os Aumentos do Transporte Coletivo e Pela Tarifa Zero  A mobiliza√ß√£o √© Nacional.... https://t.co/47rGaRFlJP; ;9;11; ; ;
2018-01-14 13:06:02;VEM CATRACANDO PRO PR√ìXIMO ATO!  Dia 17 as 17h na casa do D√≥ria!  QUARTA VAI SER MAIOR!  #4ReaisN√£o... https://t.co/WuFVIJHwp8; ;8;9;#4ReaisN√£o; ;
2018-01-14 00:05:05;https://t.co/4uyTeXQh2W; ;0;1; ; ;
2018-01-13 22:01:02;VEM CATRACANDO PRO PR√ìXIMO ATO!  Dia 17 as 17h na casa do D√≥ria!  QUARTA VAI SER MAIOR!  #4ReaisN√£o... https://t.co/ysxDPF6Rnt; ;6;4;#4ReaisN√£o; ;
2018-01-13 21:37:10;&gt &gt &gt Semana Nacional de Lutas Contra os Aumentos do Transporte Coletivo e Pela Tarifa Zero  A mobiliza√ß√£o √©... https://t.co/RhYhccoIpc; ;5;9; ; ;
2018-01-13 19:27:42;A FALHA NOSSA DE CADA DIA  A CPTM nunca decepciona. Todo dia uma falha diferente pra virar not√≠cia. Na sexta... https://t.co/9eZANiIZEO; ;6;12; ; ;
2018-01-13 16:46:02;VEM CATRACANDO PRO PR√ìXIMO ATO!  Dia 17 as 17h na casa do D√≥ria!  QUARTA VAI SER MAIOR!  #4ReaisN√£o... https://t.co/iR9TEha5lB; ;6;7;#4ReaisN√£o; ;
2018-01-13 11:09:02;VEM CATRACANDO PRO PR√ìXIMO ATO!  Dia 17 as 17h na casa do D√≥ria!  QUARTA VAI SER MAIOR!  #4ReaisN√£o... https://t.co/TUGAsQL59X; ;7;9;#4ReaisN√£o; ;
2018-01-12 22:30:02;VEM CATRACANDO PRO PR√ìXIMO ATO!  Dia 17 as 17h na casa do D√≥ria!  QUARTA VAI SER MAIOR!  #4ReaisN√£o... https://t.co/OA8YchgVUv; ;5;5;#4ReaisN√£o; ;
2018-01-12 20:44:12;&gt &gt &gt Semana Nacional de Lutas Contra os Aumentos do Transporte Coletivo e Pela Tarifa Zero  A mobiliza√ß√£o √©... https://t.co/ucKaFq4AHY; ;3;1; ; ;
2018-01-12 17:55:02;VEM CATRACANDO PRO PR√ìXIMO ATO!  Dia 17 as 17h na casa do D√≥ria!  AMANH√É VAI SER MAIOR! https://t.co/NDRmMJ7Ram; ;10;16; ; ;
2018-01-12 16:20:49;Apesar da chuva, cerca de 10 mil pessoas se juntaram ontem para mostrar qu√£o insuport√°vel √© esse aumento da... https://t.co/ytpzEKUTM5; ;4;8; ; ;
2018-01-12 14:40:10;O ESTADO E SUAS CATRACAS AMADAS  O catraca√ßo √© um ato de desobedi√™ncia onde as pessoas decidem n√£o reconhecer as... https://t.co/B1i3TYEOwd; ;5;7; ; ;
2018-01-12 01:49:10;A PM reprimiu violentamente o final do Ato que era pac√≠fico  H√° diversos feridos e 3 detidos confirmados.... https://t.co/PPIv8ryOCG; ;16;18; ; ;
2018-01-11 23:56:53;Record denuncia Policiais sem identifica√ß√£o para reprimir manifestantes... https://t.co/kyzfYbLHW9; ;2;13; ; ;
2018-01-11 22:50:49;Hoje foram mais de 20 mil   Dia 17/01 17h Em frente a casa do prefake playboy!; ;38;38; ; ;
2018-01-11 22:45:26;Jogral rolando! Transporte n√£o √© mercadoria! Proximo ato 17/01 Em frente a casa do prefake D√≥ria https://t.co/hH19CeDF2H  #4reaisnao #nenhumcentavoamais #tarifazero #passelivre https://t.co/hH19CeDF2H; ;10;9;#tarifazero, #4reaisnao, #passelivre, #nenhumcentavoamais; ;
2018-01-11 22:29:12;Ato contra o aumento  Mais de 20 mil ! Vamos barrar o aumento! #4reaisnao #tarifazero #passelivre... https://t.co/PdXjoDEp5G; ;3;10;#tarifazero, #4reaisnao, #passelivre; ;
2018-01-11 22:19:32;https://t.co/hH19CeVgrh  Fotos @cmi_saopaulo  #contraoaumento #nenhumcentavoamais #4reaisnao #tarifazero https://t.co/WHjVyWJfOO; ;3;5;#tarifazero, #nenhumcentavoamais, #4reaisnao, #contraoaumento;cmi_saopaulo;
2018-01-11 22:14:41;Mais de 20 mil!! Vamos barrar o aumento! #4reaisnao #contraoaumento #nenhumdireitoamenos #nenhumcentavoamais https://t.co/hH19CeVgrh; ;3;6;#4reaisnao, #nenhumdireitoamenos, #contraoaumento, #nenhumcentavoamais; ;
2018-01-11 21:51:45;Mais de 20 mil nas ruas! O ato continua crescendo https://t.co/hH19CeVgrh  #4reais #contraoaumento #passelivre #tarifazero; ;9;10;#tarifazero, #passelivre, #4reais, #contraoaumento; ;
2018-01-11 21:41:36;Fotos @acacio1871  Mais de 15 mil Terminal Dom Pedro https://t.co/hH19CeVgrh  #4reaisnao #passelivre #contraoaumento #nenhumcentavoamais #nenhumdireitoamenos https://t.co/hcBZ1lnUf5; ;4;6;#nenhumcentavoamais, #4reaisnao, #nenhumdireitoamenos, #contraoaumento, #passelivre;acacio1871;
2018-01-11 21:30:37;#4reaisnao #contraoaumento #tarifazero #passelivre #nenhumcentavoamais  https://t.co/hH19CeVgrh  Fotos @cmi_saopaulo https://t.co/SdXHZxp8sa; ;3;4;#nenhumcentavoamais, #4reaisnao, #tarifazero, #contraoaumento, #passelivre;cmi_saopaulo;
2018-01-11 21:25:26;J√° somos mais de 15 mil #barraroaumento #contraoaumento #4reaisnao #nenhumcentavoamais... https://t.co/dJrP3uMVBx; ;2;3;#4reaisnao, #barraroaumento, #contraoaumento, #nenhumcentavoamais; ;
2018-01-11 21:10:35;Grande Ato Contra o Aumento #4reaisnao #nenhumdireitoamenos #passelivre https://t.co/hH19CeVgrh  @cmi_saopaulo https://t.co/QPtVNGCpNc; ;5;4;#4reaisnao, #passelivre, #nenhumdireitoamenos;cmi_saopaulo;
2018-01-11 21:05:42;Siga o Ato contra o Aumento 10 mil pessoas na luta! https://t.co/hH19CeVgrh  #4reaisn√£o #contraoaumento #nenhumcentavoamais #passelivre; ;3;4;#nenhumcentavoamais, #4reaisn√£o, #passelivre, #contraoaumento; ;
2018-01-11 20:53:07;J√° somos 10 mil na rua! #contraoaumento #4reaisnao #contraoaumento #nenhumcentavoamais https://t.co/hH19CeVgrh; ;11;23;#contraoaumento, #4reaisnao, #nenhumcentavoamais; ;
2018-01-11 20:49:57;1¬∞ Grande Ato contra o aumento  https://t.co/hH19CeVgrh Fotos @cmi; ;4;5; ; ;
2018-01-11 20:43:33;#tarifazero #4reaisnao #passelivre #contraoaumento https://t.co/hH19CeVgrh https://t.co/sZPDuali1u; ;5;5;#tarifazero, #4reaisnao, #passelivre, #contraoaumento; ;
2018-01-11 20:36:27;Ato contra o aumento Valeu @acacio1871  https://t.co/hH19CeVgrh https://t.co/JpZTPwgINo; ;7;7; ;acacio1871;
2018-01-11 20:34:29;1 Grande alto contra o aumento  Barrar o aumento j√°! #4reaisnao #contraoAumento #tarifazero https://t.co/hH19CeVgrh; ;3;5;#tarifazero, #4reaisnao, #contraoAumento; ;
2018-01-11 20:28:43;Caminhando em dire√ß√£o a P√ßa da S√© https://t.co/hH19CeVgrh  #4reaisnao #contraoaumento #tarifazero; ;2;4;#tarifazero, #4reaisnao, #contraoaumento; ;
2018-01-11 20:26:41;Ato caminhando! Siga https://t.co/hH19CeVgrh   #contraoaumento #4reaisnao #tarifazero https://t.co/IWX9PzLTDy; ;3;2;#tarifazero, #4reaisnao, #contraoaumento; ;
2018-01-11 20:22:22;Estamos Chegando No Largo S√£o Francisco! https://t.co/hH19CeVgrh  @cmi_saopaulo  #contraoaumento #nenhumcentavoamais #tarifazero #4reaisnao; ;1;6;#tarifazero, #nenhumcentavoamais, #4reaisnao, #contraoaumento;cmi_saopaulo;
2018-01-11 20:19:30;Siga o Ato @cmi_saopaulo  Passando agora pela prefeitura #tarifazero #passelivre #contraoaumento #nenhumcentavoamais https://t.co/hH19CeVgrh; ;5;3;#tarifazero, #passelivre, #contraoaumento, #nenhumcentavoamais;cmi_saopaulo;
2018-01-11 20:10:26;O ato vai come√ßar!  #4reaisnao #contraoaumeno siga @cmi_saopaulo; ;2;2;#4reaisnao, #contraoaumeno;cmi_saopaulo;
2018-01-11 18:48:16;Fa√ßa chuva, fa√ßa sol: estaremos na rua! Sem medo de se molhar!  N√£o consegue voltar pra casa por que quando... https://t.co/AMgvtw3xRU; ;1;7; ; ;
2018-01-11 18:39:42;CMI_S√£o Paulo (@cmi_saopaulo) 's Live - TwitCasting https://t.co/IFZHCRVWCG; ;3;4; ;cmi_saopaulo;
2018-01-11 15:50:20;SOBRE O ATO DE HOJE  17h, Teatro Municipal, saindo as 18h. N√£o realizaremos assembleia antes do ato, j√° que isso... https://t.co/iMxiu3pr3W; ;4;5; ; ;
2018-01-11 12:43:45;Hoje t√° um lindo dia para protestar contra a tarifa e pular umas catracas!  1¬∞ Grande Ato Contra o Aumento das... https://t.co/S2Zrg2u0am; ;8;8; ; ;
2018-01-10 20:39:40;Amanh√£ vamos pra rua mostrar que nao aceitamos nenhum aumento! Cola geral! R$4,00 NUNCA! https://t.co/MtIUvM8vhh; ;5;7; ; ;
2018-01-10 18:23:04;SABE A LICITA√á√ÉO DE √îNIBUS?  L√∫cio Gregori, apoiador da #TarifaZero e ex-secret√°rio de Transportes, explica um... https://t.co/zGE5iwCYlM; ;8;3;#TarifaZero; ;
2018-01-10 14:47:33;4 REAIS NUNCA!  1¬∞ GRANDE ATO CONTRA O AUMENTO Quinta 11 Jan 17h Teatro Municipal  #Contraoaumento... https://t.co/44Pa297Hj8; ;19;20;#Contraoaumento; ;
2018-01-10 11:45:25;NOS VEMOS NO ATO! Dia 11/01 17h em frente ao Teatro Municipal! https://t.co/1aFZqQy6MP; ;5;10; ; ;
2018-01-09 23:02:51;:: TODO AUMENTO √â INJUSTO PORQUE A TARIFA √â INJUSTA!  Em entrevista recente no bairro do Cap√£o Redondo,... https://t.co/spdn5ZeChk; ;4;8; ; ;
2018-01-09 20:00:03;4 reais NUNCA!!!  Mais imagens da 9 de julho travada hoje pela manh√£ contra o aumento da tarifa! √â a popula√ß√£o... https://t.co/g5g1KbhbVR; ;1;4; ; ;
2018-01-09 19:36:29;&gt &gt &gt Amanh√£ tem ato contra o aumento em Campinas! Cola geral!  Por todo pa√≠s a popula√ß√£o tem resistido aos... https://t.co/WGtQCT2DGQ; ;2;6; ; ;
2018-01-09 14:00:02;4 reais NUNCA!!!  Hoje de manh√£ a popula√ß√£o foi pra rua pra dizer que esse aumento n√£o √© suport√°vel! Enquanto o... https://t.co/mdMZClCjHP; ;2;1; ; ;
2018-01-09 10:15:13;https://t.co/5aIGOfPbCU... https://t.co/y72OjA0BX4; ;11;14; ; ;
2018-01-09 08:37:17;A popula√ß√£o n√£o aguenta mais!  Protesto espont√¢neo na 9 de julho contra o aumento! AMANH√É VAI SER MAIOR #4reais #ContraOAumento #TarifaZero #NenhumDireitoAMenos https://t.co/uQvpsbF0xm; ;20;25;#TarifaZero, #NenhumDireitoAMenos, #4reais, #ContraOAumento; ;
2018-01-09 08:23:11;4 REAIS NUNCA!  Hoje, a Av 9 de julho amanheceu TRAVADA!   Um grupo de pessoas se organizou para passar a... https://t.co/FxVUbp7nfV; ;4;10; ; ;
2018-01-09 01:40:55;&gt &gt &gt &gt HOJE TEVE LUTA CONTRA O AUMENTO EM JOINVILLE! TODO APOIO! ABAIXO √Å REPRESS√ÉO! A LUTA √â UMA S√ì! POR UMA VIDA... https://t.co/wNDxgoJncO; ;1;7; ; ;
2018-01-08 21:15:12;Hoje deixamos na secretaria municipal de transportes um monumento catraca de ouro. Esse pr√™mio foi conquistado... https://t.co/5aGgV4O9ma; ;6;6; ; ;
2018-01-08 17:26:36;&gt &gt &gt HOJE TEM REUNI√ÉO ABERTA PRA ORGANIZAR A LUTA CONTRA O AUMENTO AUMENTO OSASCO! COLA GERAL!  Organize sua cidade... https://t.co/cWIDWxMcPp; ;2;3; ; ;
2018-01-08 15:08:28;https://t.co/HEsb4ciguD https://t.co/xLUwzteznA; ;1;1; ; ;
2018-01-08 14:09:31;#SP1 A Luta contra o Aumento Come√ßou  #contraoaumento #4reais #tarifaZero #NenhumDireitoAMenos https://t.co/lC4dEBDsHC; ;9;18;#4reais, #SP1, #NenhumDireitoAMenos, #tarifaZero, #contraoaumento; ;
2018-01-08 13:03:56;AGORA!  Pr√™mio #CatracaDeOuro p o sec. S√©rgio Avelleda, pelos seus esfor√ßos na licita√ß√£o do bus√£o. Menos question√°rio online de licita√ß√£o por 20 anos e bus√£o a #4Reais, mais transporte #TarifaZero e sem catraca, organizado pela popula√ß√£o!!   #AumentoN√£o #PasseLivre #AtoDia11 https://t.co/sDVrR3t5Ty; ;13;19;#AtoDia11, #4Reais, #TarifaZero, #CatracaDeOuro, #PasseLivre, #AumentoN√£o; ;
2018-01-08 12:17:09;AGORA!  Pr√™mio #CatracaDeOuro p o sec. S√©rgio Avelleda, pelos seus esfor√ßos na licita√ß√£o do bus√£o. Menos question√°rio online de licita√ß√£o por 20 anos e bus√£o a #4Reais, mais transporte #TarifaZero e sem catraca, organizado pela popula√ß√£o!!   #AumentoN√£o #PasseLivre #AtoDia11 https://t.co/SxAzyczh0n; ;7;18;#AtoDia11, #4Reais, #TarifaZero, #CatracaDeOuro, #PasseLivre, #AumentoN√£o; ;
2018-01-07 23:05:00;&gt &gt &gt ATO CONTRA O AUMENTO EM REUNI√ÉO DE PREFEITOS E EMPRESARIOS DO GRANDE ABC, ESSA TER√áA 09/01  AS 9H  NO... https://t.co/dVZRvI8lac; ;5;7; ; ;
2018-01-07 20:26:36;&gt &gt &gt ATO CONTRA O AUMENTO EM REUNI√ÉO DE PREFEITOS E EMPRESARIOS DO GRANDE ABC, ESSA TER√áA 09/01  AS 9H  NO... https://t.co/cKPcsHb8U7; ;2;6; ; ;
2018-01-07 17:20:35;MPL DIZ QUE VAI MANTER PROTESTO E QUE N√ÉO TEME A TARIFA.  Se a dupla din√¢mica de propaganda e cartel possuem... https://t.co/0L6EoErhDY; ;12;21; ; ;
2018-01-07 16:02:35;TARIFA ZERO QUANDO? TARIFA ZERO J√Å!!; ;5;11; ; ;
2018-01-07 00:37:03;https://t.co/J8JLqWiMcY; ;0;1; ; ;
2018-01-06 22:48:11;Primeiro Grande Ato Contra o Aumento, dia 11/01, as 17h no Teatro Municipal, confirme presen√ßa e convide seus... https://t.co/cEVuixcGbe; ;17;19; ; ;
2018-01-06 21:02:57;&gt &gt &gt AUMENTOS ABSURDOS POR TODO O PA√çS! VAI TER LUTA!  Acompanhe o calend√°rio de a√ß√µes contra o aumento pelo pais:... https://t.co/QHncYO9szx; ;15;12; ; ;
2018-01-06 18:19:55;&gt &gt &gt AUMENTOS ABSURDOS POR TODO O PA√çS! VAI TER LUTA!  Em diversas cidades do pais os prefeitos e governadores tem... https://t.co/QfNiA5HKjz; ;5;3; ; ;
2018-01-06 17:40:46;&gt &gt &gt &gt &gt Rolando agora reuni√£o aberta do comit√™ de luta contra o aumento do grande ABC, cola geral! https://t.co/YHSRGjlGvD; ;6;7; ; ;
2018-01-06 16:37:44;&gt &gt &gt AUMENTOS ABSURDOS POR TODO O PA√çS! VAI TER LUTA! (Foto de cartaz convocando ato de Campinas)  Em diversas... https://t.co/rgB8uDyyNn; ;4;6; ; ;
2018-01-06 16:35:23;&gt &gt &gt AUMENTOS ABSURDOS POR TODO O PA√çS! VAI TER LUTA! (Foto de cartaz convocando ato de Campinas)  Em diversas... https://t.co/K6h7zMJerB; ;1;1; ; ;
2018-01-05 20:38:26;&gt &gt &gt AUMENTOS ABSURDOS POR TODO O PA√çS! VAI TER LUTA!  Em diversas cidades do pais os prefeitos e governadores tem... https://t.co/I4LR2m4sH4; ;3;5; ; ;
2018-01-05 18:44:55;RT @camarada_d: de Gina Dinucci para a p√°gina no fb Arte Contra a Tarifa e para o @mpl_sp https://t.co/ocK2gTIVMs;camarada_d;0;0; ;camarada_d, mpl_sp;
2018-01-05 13:52:46;&gt &gt &gt Nova tarifa, velhos problemas.  Em meio ao an√∫ncio de mais um aumento das tarifas do transporte p√∫blico que... https://t.co/smfgqEvO4N; ;6;2; ; ;
2018-01-04 23:41:42;https://t.co/fX7upqBJyz; ;0;0; ; ;
2018-01-04 14:41:48;::Em Campinas a luta contra o aumento ja come√ßou!  N√£o vamos aceitar pagar mais caro por um servi√ßo de p√©ssimo... https://t.co/rUm93MetJw; ;3;5; ; ;
2018-01-03 22:41:56;Primeiro Grande Ato Contra o Aumento, dia 11/01, as 17h no Teatro Municipal, confirme presen√ßa e convide seus... https://t.co/qfboDM6z9E; ;16;14; ; ;
2018-01-03 18:17:57;Aten√ß√£o pessoal de Campinas! Reuni√£o aberta pra organiza√ß√£o da luta contra o aumento, cola geral! https://t.co/5YXandmVaA; ;2;4; ; ;
2018-01-03 16:14:30;A EXIST√äNCIA DA TARIFA QUANTO DECIS√ÉO POLITICA.  A redu√ß√£o de uma tarifa certamente √© muito ben√©fica a popula√ß√£o... https://t.co/DX9WZrEssQ; ;7;6; ; ;
2018-01-03 15:38:08;RT @camarada_d: desenho de @kikodinucci em colabora√ß√£o com a p√°gina Arte Contra A Tarifa https://t.co/T6KkqbpVDq para o @mpl_sp https://t.c‚Ä¶;camarada_d;0;0; ;camarada_d, mpl_sp, kikodinucci;
2018-01-03 14:19:26;Protesto contra o aumento em Campinas.  Em diversas cidades do pa√≠s pol√≠ticos e empres√°rios provocam a revolta da... https://t.co/xXxxRIYv2B; ;1;4; ; ;
2018-01-03 12:49:17;*QUANTO CUSTA IR E VIR EM S√ÉO PAULO?*  A partir de domingo as tarifas do transporte p√∫blico em S√£o Paulo v√£o... https://t.co/rBVdpFwY2z; ;8;8; ; ;
2018-01-02 22:21:31;https://t.co/Hebh4j0OE0; ;4;2; ; ;
